fecha_atraque,fecha_salida,id_buque,nombre_puerto
2018-04-20 06:06:35,2018-04-27 23:05:22,202,Arica
2013-02-27 18:30:10,2013-02-28 09:38:32,76,nombre
2020-01-30 22:55:13,2020-01-31 17:25:45,43,Barquito
2015-05-06 12:46:36,2015-05-10 11:47:27,207,Puerto Angamos
2019-05-20 15:02:21,2019-05-21 05:34:16,146,Calderilla
2011-08-17 07:29:06,2011-08-31 22:37:39,229,Barquito
2021-06-08 21:31:23,,83,Guayacan
2017-12-24 07:51:47,2018-01-04 02:06:45,145,Caleta Coloso
2013-04-29 06:37:44,2013-04-30 06:08:53,79,Huasco
2018-08-11 07:41:45,2018-08-11 22:00:44,77,Guayacan
2019-06-29 02:45:33,2019-07-04 19:21:17,153,Corral
2018-02-28 07:06:16,2018-03-14 04:02:30,192,Lirquen
2020-10-27 20:37:49,,249,Calderilla
2020-12-09 17:02:32,,244,Quintero
2017-06-17 12:12:29,2017-06-22 03:02:33,78,Coquimbo
2012-04-04 09:16:24,2012-04-05 04:12:23,167,Caldera
2021-07-22 07:14:50,,156,Coronel
2021-01-15 03:33:43,,210,Punta Patache
2020-11-25 00:28:10,,156,Coronel
2019-03-22 09:04:08,2019-03-23 02:22:59,41,Caleta Coloso
2020-09-17 02:48:54,,103,La Serena
2020-04-11 20:34:46,2020-04-18 14:55:23,176,Caleta Patillos
2020-09-11 13:15:38,,171,Huasco
2017-12-12 00:17:28,2017-12-12 23:15:54,184,Quintero
2011-08-22 23:52:28,2011-09-01 20:14:47,166,Arica
2017-08-09 02:19:41,2017-08-14 23:05:05,19,Guayacan
2019-05-26 15:25:22,2019-05-27 06:34:54,35,Cabo Negro
2020-12-01 01:35:11,,58,Puerto Montt
2020-07-27 09:06:46,2020-08-05 06:47:53,242,Penco
2011-12-10 04:14:38,2011-12-11 00:50:15,140,Mejillones
2021-05-11 07:46:01,,27,Chacabuco
2019-10-23 18:39:01,2019-11-02 09:44:20,201,Arica
2019-03-04 01:49:48,2019-03-18 16:50:34,155,Coronel
2018-09-27 03:47:38,2018-09-28 00:22:15,90,Caleta Coloso
2010-06-14 12:17:28,2010-06-15 07:18:34,64,Port Williams
2013-08-25 09:17:15,2013-08-26 06:37:25,18,Port Williams
2012-06-09 03:12:41,2012-06-09 20:05:27,59,Isla de Pascua
2014-08-06 13:46:49,2014-08-20 11:11:52,35,Coronel
2011-06-04 05:02:34,2011-06-15 00:10:17,132,Puerto Montt
2017-01-24 07:16:18,2017-01-25 03:09:25,231,Guayacan
2016-04-14 22:11:07,2016-04-15 14:19:24,155,Calderilla
2021-07-28 00:31:39,,201,Huasco
2019-03-29 03:34:06,2019-03-29 21:23:27,181,Port Williams
2020-10-17 04:13:53,,133,Guayacan
2016-06-30 04:02:02,2016-07-01 02:29:15,98,Quellon
2021-02-15 14:59:49,,68,Quellon
2016-04-21 08:32:12,2016-04-22 02:31:42,176,Isla Guarello
2021-05-06 16:28:39,,74,Taltal
2015-12-18 02:20:55,2015-12-19 00:48:07,29,Tocopilla
2012-07-26 01:54:43,2012-07-26 23:44:57,241,Cabo Negro
2021-01-02 07:56:35,,171,Calderilla
2020-10-30 00:12:52,,240,nombre
2012-09-25 23:55:54,2012-10-02 14:09:47,30,Lirquen
2020-09-01 18:29:23,2020-09-11 11:02:39,101,Quintero
2015-05-12 07:19:14,2015-05-13 03:37:35,230,Quellon
2014-12-21 22:21:23,2014-12-22 19:07:11,104,Cruz Grande
2015-09-16 11:19:53,2015-09-17 07:45:39,137,Barquito
2021-07-16 11:32:07,,145,Puerto Montt
2019-09-05 03:05:51,2019-09-05 21:03:50,245,Chacabuco
2021-08-15 00:12:46,,10,Caleta Coloso
2013-08-26 22:46:16,2013-08-27 21:35:35,128,Balmaceda
2019-01-31 10:28:50,2019-02-09 09:54:03,70,La Serena
2012-02-18 08:38:35,2012-02-29 03:03:56,203,Lota
2015-01-11 15:16:01,2015-01-12 11:02:03,117,Mejillones
2017-09-27 05:08:30,2017-09-28 01:24:03,228,Mejillones
2020-12-16 02:56:08,,170,Caleta Coloso
2021-01-13 17:40:56,,178,Coquimbo
2021-04-01 00:09:50,,10,Lota
2010-08-07 14:45:10,2010-08-08 13:38:43,46,Puerto Montt
2013-09-21 01:34:37,2013-09-21 21:14:43,190,Puerto Chacabuco
2021-01-22 01:39:53,,84,Taltal
2021-06-19 05:17:54,,55,Coronel
2021-05-23 12:26:50,,201,Mejillones
2012-11-17 07:07:15,2012-11-17 23:04:27,81,Lota
2017-10-15 06:29:50,2017-10-15 23:48:45,177,Ancud
2019-03-16 21:55:49,2019-03-28 20:58:50,29,Barquito
2017-01-25 03:34:12,2017-02-03 18:22:26,149,Antofagasta
2014-12-30 21:51:45,2014-12-31 14:08:29,117,Quemchi
2019-07-31 22:56:09,2019-08-11 15:39:42,186,Caleta Coloso
2010-09-22 06:16:17,2010-09-30 22:59:32,66,Lota
2021-02-04 12:12:33,,143,Calderilla
2013-12-13 17:00:07,2013-12-14 07:55:47,148,Penco
2014-07-05 02:56:31,2014-07-05 19:32:00,4,La Serena
2016-04-21 05:46:57,2016-04-28 00:04:22,96,Huasco
2016-10-09 23:34:24,2016-10-10 17:56:29,115,Barquito
2017-03-04 04:19:10,2017-03-04 20:52:31,134,Quintero
2010-03-19 23:07:33,2010-03-26 22:25:32,189,La Serena
2011-07-18 13:18:04,2011-07-19 03:23:11,220,Calderilla
2020-12-05 22:40:37,,224,Barquito
2012-05-30 15:32:39,2012-05-31 09:27:25,71,Cruz Grande
2019-03-21 01:36:28,2019-03-21 22:38:30,143,Antofagasta
2011-07-26 01:14:18,2011-07-26 17:21:44,165,Punta Patache
2019-10-17 15:54:18,2019-10-26 12:41:41,189,Taltal
2021-09-06 04:02:26,,54,San Vicente
2010-11-06 16:28:52,2010-11-07 07:18:50,230,Quellon
2016-12-25 05:03:19,2017-01-09 03:15:19,239,Guayacan
2020-11-12 17:07:56,,211,Lirquen
2014-08-30 06:37:19,2014-08-31 03:36:46,5,Barquito
2012-09-04 22:48:17,2012-09-05 14:23:24,149,Cabo Negro
2013-07-26 06:45:21,2013-08-05 04:55:56,145,Caldera
2021-05-24 12:49:41,,241,Ancud
2012-12-08 00:07:00,2012-12-08 20:56:28,82,Arica
2014-03-21 04:58:39,2014-03-21 21:52:38,19,Mejillones
2016-07-15 14:28:05,2016-07-16 10:55:01,243,Taltal
2017-02-14 21:56:27,2017-02-26 19:31:51,222,Barquito
2021-04-04 03:18:17,,21,Quellon
2017-05-19 23:17:39,2017-06-01 19:31:24,164,Caleta Coloso
2020-08-07 04:30:03,2020-08-08 03:32:28,10,Ancud
2017-07-27 19:51:48,2017-07-28 10:23:37,184,Lota
2021-06-06 17:52:09,,40,Caleta Patillos
2012-06-27 21:55:54,2012-06-28 21:05:20,72,Barquito
2021-09-02 15:02:20,,13,Tocopilla
2014-06-28 20:35:40,2014-06-29 14:59:01,118,Coronel
2019-02-19 02:14:08,2019-03-03 01:19:42,246,Cruz Grande
2021-01-03 19:07:54,,96,Port Williams
2012-03-23 16:16:53,2012-03-24 12:01:28,112,Coronel
2021-06-17 22:08:12,,33,Chacabuco
2017-02-09 21:50:19,2017-02-24 21:46:47,102,Puerto Angamos
2013-03-25 23:52:46,2013-03-26 17:14:51,20,Quintero
2021-02-20 12:14:48,,19,Ancud
2016-07-16 00:43:30,2016-07-22 20:19:47,214,Coronel
2018-11-02 08:15:23,2018-11-03 03:11:44,144,Guayacan
2013-01-12 10:08:13,2013-01-13 04:09:43,85,Puerto Montt
2018-01-09 09:07:53,2018-01-10 05:40:15,184,Cruz Grande
2021-01-09 04:49:05,,38,Huasco
2019-11-25 23:29:58,2019-11-26 21:07:48,152,Mejillones
2020-12-08 06:17:17,,78,Chacabuco
2021-05-01 02:45:37,,106,La Serena
2021-07-28 01:06:27,,28,Cruz Grande
2012-11-04 10:40:41,2012-11-05 08:54:49,39,Calderilla
2021-07-03 18:49:48,,243,Mejillones
2015-09-21 08:29:50,2015-09-22 02:16:21,30,Chacabuco
2013-08-12 00:41:31,2013-08-12 14:41:15,224,Chacabuco
2020-10-16 09:14:59,,80,Arica
2011-07-03 03:35:09,2011-07-03 18:28:22,127,nombre
2021-01-11 15:52:07,,122,Lota
2011-08-28 05:25:04,2011-08-29 03:03:43,115,Taltal
2011-11-21 03:04:28,2011-11-27 02:57:04,29,Caleta Coloso
2021-04-07 10:04:16,,156,Ancud
2015-05-20 15:15:45,2015-05-27 11:14:41,42,Barquito
2018-12-22 18:00:59,2018-12-23 17:35:55,55,Arica
2019-01-05 19:11:37,2019-01-06 12:05:01,87,Huasco
2020-07-10 20:56:26,2020-07-11 11:45:49,111,Guayacan
2015-04-12 01:49:38,2015-04-24 18:12:55,195,Mejillones
2015-08-22 18:46:19,2015-08-27 10:56:41,198,Punta Arenas
2021-04-05 12:45:43,,23,Caleta Coloso
2010-11-08 16:33:42,2010-11-09 13:58:22,187,Calderilla
2012-01-13 07:29:40,2012-01-24 07:24:51,153,Lirquen
2017-06-13 13:12:45,2017-06-17 10:01:53,176,Port Williams
2021-08-31 15:11:51,,6,Quintero
2021-01-21 15:59:22,,229,Punta Arenas
2018-01-24 22:50:57,2018-02-08 18:10:36,72,Coronel
2021-08-07 07:28:27,,171,Quintero
2021-06-29 12:15:27,,136,Ancud
2021-03-19 17:04:57,,86,Quellon
2013-07-29 17:08:33,2013-07-30 12:27:50,31,valparaiso
2018-07-08 22:02:32,2018-07-09 21:22:52,118,Punta Arenas
2021-06-24 13:09:23,,187,Mejillones
2020-03-10 11:36:11,2020-03-11 01:38:14,10,La Serena
2021-06-13 13:10:02,,174,Cruz Grande
2013-02-02 03:29:01,2013-02-02 23:01:10,217,Puerto Natales
2016-05-27 19:07:36,2016-05-28 09:25:33,103,Port Williams
2020-09-24 10:14:01,,74,Guayacan
2020-11-25 00:18:10,,32,Quellon
2021-06-10 07:00:54,,9,La Serena
2014-07-27 12:41:09,2014-07-28 05:22:40,178,Chacabuco
2011-06-29 08:38:14,2011-06-30 07:16:02,110,Puerto Montt
2020-11-07 06:33:19,,174,Quintero
2020-09-21 07:31:18,,35,Calderilla
2020-11-04 12:02:39,,221,Cruz Grande
2017-03-21 21:44:15,2017-03-22 20:14:39,174,Tocopilla
2011-03-06 16:50:45,2011-03-07 14:46:14,18,Guayacan
2014-02-04 23:00:16,2014-02-14 19:30:27,30,Antofagasta
2015-05-26 20:38:50,2015-06-01 20:20:34,158,Penco
2015-12-28 22:11:40,2016-01-07 17:22:44,88,Antofagasta
2021-04-20 14:54:53,,147,Chacabuco
2020-09-14 12:17:58,,91,Ancud
2017-09-22 14:26:16,2017-09-23 08:33:19,242,Isla Guarello
2016-10-21 01:38:25,2016-10-21 19:14:06,106,Barquito
2010-05-11 22:19:11,2010-05-12 17:40:50,152,Iquique
2018-07-06 22:16:39,2018-07-13 13:45:18,239,Tocopilla
2020-11-13 12:28:45,,226,Huasco
2021-02-25 23:34:30,,179,Barquito
2020-10-19 02:27:55,,184,Ancud
2020-08-19 13:30:38,2020-08-20 12:37:44,159,Ancud
2013-06-18 07:54:37,2013-06-28 23:27:05,156,Punta Patache
2021-02-23 05:12:12,,174,Cabo Negro
2021-01-18 22:09:01,,68,San Vicente
2021-01-12 14:47:25,,16,Guayacan
2016-04-27 13:08:05,2016-04-28 11:59:16,140,Mejillones
2021-07-05 10:15:10,,229,Lirquen
2014-11-09 20:45:05,2014-11-10 11:02:35,192,Puerto Montt
2011-08-08 03:47:36,2011-08-08 23:09:24,77,Quintero
2014-11-12 12:01:25,2014-11-24 04:51:12,129,Arica
2017-02-10 14:47:09,2017-02-18 06:52:37,147,nombre
2012-08-11 18:46:13,2012-08-12 16:50:39,27,Chacabuco
2013-08-21 00:14:12,2013-08-21 19:01:00,52,Balmaceda
2021-06-17 01:52:24,,185,Puerto Angamos
2011-11-13 17:48:15,2011-11-14 15:49:12,147,Taltal
2021-07-08 06:01:34,,48,Punta Patache
2021-02-14 12:26:47,,59,Cruz Grande
2010-06-02 12:56:51,2010-06-03 09:14:50,123,Cruz Grande
2019-05-20 20:38:51,2019-05-25 11:35:23,25,Tocopilla
2020-12-26 16:37:46,,121,Huasco
2021-05-13 18:57:35,,211,Guayacan
2015-04-29 08:42:43,2015-04-29 22:53:17,76,Barquito
2021-02-08 07:00:31,,213,Chacabuco
2012-06-21 03:27:59,2012-06-27 19:57:49,230,Penco
2011-11-12 11:19:25,2011-11-13 07:14:55,158,Isla de Pascua
2020-02-26 05:46:15,2020-02-27 05:39:29,118,Puerto Montt
2021-07-20 08:58:56,,72,Corral
2013-10-27 18:19:08,2013-11-01 14:56:51,170,Lirquen
2012-06-27 15:20:50,2012-06-28 06:54:10,206,Puerto Montt
2014-01-04 23:22:27,2014-01-05 20:58:33,62,nombre
2020-11-23 03:14:28,,174,Caleta Patillos
2016-03-22 13:59:32,2016-03-23 11:22:51,200,Mejillones
2011-07-27 23:45:41,2011-07-28 20:12:25,47,Antofagasta
2021-05-14 15:32:18,,90,Penco
2011-01-09 02:43:25,2011-01-09 22:12:14,201,Huasco
2020-03-18 10:24:46,2020-03-19 09:19:10,46,Isla Guarello
2019-11-11 14:41:34,2019-11-12 06:29:01,82,Balmaceda
2016-11-14 03:19:27,2016-11-14 23:19:37,185,Puerto Natales
2017-12-04 23:56:11,2017-12-05 18:46:39,80,San Vicente
2013-11-15 05:24:18,2013-11-28 00:22:08,75,Caleta Coloso
2012-11-11 01:48:27,2012-11-22 22:01:52,196,nombre
2016-08-20 23:18:56,2016-08-21 14:24:25,1,Chacabuco
2015-04-13 02:06:49,2015-04-25 20:44:18,82,nombre
2011-11-29 07:23:58,2011-11-29 21:51:57,169,Puerto Montt
2015-06-25 19:46:24,2015-06-26 16:00:42,218,Mejillones
2014-10-19 08:06:22,2014-10-28 07:34:07,219,Antofagasta
2010-03-11 00:26:24,2010-03-11 21:14:38,71,Quintero
2015-08-09 18:41:46,2015-08-10 13:25:35,27,San Vicente
2018-02-17 12:50:16,2018-02-28 05:42:52,140,Cabo Negro
2012-03-05 16:44:00,2012-03-06 10:35:16,90,Caleta Patillos
2020-10-13 02:41:08,,179,Guayacan
2021-07-04 20:42:59,,119,Huasco
2020-02-09 14:53:37,2020-02-10 05:22:28,180,Penco
2021-05-30 22:59:28,,185,Balmaceda
2014-12-10 12:58:57,2014-12-11 08:52:52,78,Puerto Montt
2018-09-08 22:43:03,2018-09-16 14:26:47,141,Puerto Angamos
2021-01-16 12:18:04,,156,Coronel
2018-06-12 17:19:21,2018-06-13 09:13:28,44,Isla Guarello
2015-05-27 07:02:54,2015-05-28 01:52:30,203,Puerto Angamos
2013-06-18 20:23:35,2013-06-19 17:05:55,59,Quellon
2020-10-01 15:08:05,,75,nombre
2012-04-03 07:33:44,2012-04-04 04:48:23,178,Taltal
2013-08-22 02:07:11,2013-08-22 21:57:28,53,Caleta Coloso
2017-08-02 17:21:11,2017-08-03 08:49:50,47,Quintero
2021-06-07 14:27:48,,183,valparaiso
2015-09-11 20:36:48,2015-09-12 19:11:26,98,nombre
2018-04-14 00:36:45,2018-04-14 22:59:53,107,Lota
2011-07-06 16:33:06,2011-07-14 16:06:27,96,Calderilla
2013-09-03 07:39:14,2013-09-04 06:32:59,101,Ancud
2020-08-11 10:04:04,2020-08-17 01:52:38,148,Arica
2020-11-27 02:42:01,,158,Ancud
2020-11-01 17:45:43,,3,Valdivia
2010-09-01 06:59:50,2010-09-07 23:05:28,157,Lota
2017-10-24 23:02:26,2017-10-25 14:23:27,85,Iquique
2020-10-21 05:15:48,,191,Lota
2016-08-21 06:55:26,2016-08-22 01:57:07,178,Quintero
2018-03-05 03:05:07,2018-03-05 20:23:03,32,Arica
2010-06-03 14:38:40,2010-06-04 05:50:33,93,valparaiso
2013-10-02 23:29:26,2013-10-11 14:24:05,108,Puerto Angamos
2017-07-12 08:34:35,2017-07-16 07:10:27,40,La Serena
2012-05-14 11:21:05,2012-05-15 06:10:42,237,Chacabuco
2016-04-01 06:49:02,2016-04-02 04:58:15,156,San Vicente
2021-01-18 01:11:17,,9,Calderilla
2017-07-27 15:51:37,2017-07-31 10:23:40,248,Lota
2021-04-09 21:23:48,,101,Mejillones
2019-04-02 05:26:23,2019-04-08 04:19:00,8,Penco
2017-08-04 08:48:24,2017-08-05 06:18:20,146,Arica
2020-10-23 11:37:53,,219,Castro
2021-06-25 07:28:16,,79,Isla Guarello
2014-10-02 20:18:54,2014-10-03 10:57:57,156,La Serena
2021-04-28 06:52:45,,29,Calderilla
2021-06-04 11:29:28,,130,Caldera
2014-08-04 06:30:06,2014-08-12 22:29:25,198,Quellon
2021-03-02 20:16:13,,140,Cruz Grande
2020-10-16 15:36:57,,193,Barquito
2014-06-06 11:02:55,2014-06-07 05:04:01,126,Caldera
2017-11-11 02:39:34,2017-11-14 17:38:09,2,Caleta Patillos
2011-03-08 22:03:18,2011-03-19 17:02:22,74,Lota
2015-01-12 17:27:56,2015-01-25 09:18:14,178,Antofagasta
2021-06-11 09:49:42,,194,Ancud
2021-06-02 15:20:26,,38,Quellon
2020-04-01 06:20:10,2020-04-02 04:49:09,201,Isla Guarello
2012-10-08 09:49:15,2012-10-09 02:45:39,114,Corral
2014-11-28 14:41:08,2014-11-29 11:45:54,62,Cruz Grande
2010-12-22 18:00:49,2010-12-23 17:37:27,41,Isla Guarello
2016-05-14 02:14:56,2016-05-23 19:32:58,217,La Serena
2019-12-31 23:27:42,2020-01-01 22:18:25,81,Isla Guarello
2017-11-21 06:50:06,2017-12-03 06:32:09,150,Quellon
2013-07-14 16:38:30,2013-07-21 11:20:39,163,Coronel
2011-02-03 04:03:40,2011-02-13 01:37:34,98,Quellon
2021-05-13 09:06:10,,40,Barquito
2018-06-24 22:50:11,2018-06-25 18:07:37,5,Barquito
2011-03-25 10:22:20,2011-03-26 01:58:18,195,Caldera
2017-04-23 18:57:02,2017-04-24 15:06:13,58,Caleta Coloso
2010-12-08 13:49:10,2010-12-09 13:22:32,199,Quemchi
2017-04-16 11:20:17,2017-04-17 11:05:24,193,Taltal
2020-12-26 05:00:40,,205,Caleta Patillos
2018-07-31 15:08:17,2018-08-13 09:30:44,106,Isla Guarello
2021-03-13 17:25:18,,127,Arica
2020-12-08 08:15:25,,224,San Antonio
2020-06-16 23:27:55,2020-06-17 20:22:29,137,Balmaceda
2020-10-11 18:15:20,,56,Cruz Grande
2021-02-17 11:29:21,,115,Coronel
2013-02-28 03:50:49,2013-03-13 21:55:37,31,Arica
2016-10-04 08:50:56,2016-10-13 08:24:52,97,Calderilla
2014-09-23 15:51:10,2014-09-28 09:47:07,24,Caldera
2020-08-12 18:25:54,2020-08-18 16:17:37,205,Castro
2010-02-09 11:36:53,2010-02-10 01:47:57,204,Cruz Grande
2020-11-20 00:46:32,,225,Puerto Montt
2015-08-03 08:03:41,2015-08-04 06:46:43,32,Caleta Patillos
2012-08-27 04:08:27,2012-08-28 00:40:59,182,Puerto Montt
2011-12-29 14:40:54,2012-01-06 07:20:57,153,Guayacan
2017-01-04 03:00:39,2017-01-09 02:31:36,4,Puerto Angamos
2021-06-19 08:18:04,,142,Barquito
2014-05-29 09:53:21,2014-05-29 23:47:28,239,Penco
2010-09-16 12:32:35,2010-09-25 06:48:46,47,Chacabuco
2015-01-26 13:09:04,2015-01-27 09:32:15,179,Quintero
2014-02-12 18:11:13,2014-02-23 15:40:21,186,Lirquen
2012-07-04 22:56:10,2012-07-05 16:33:48,75,Penco
2015-09-26 17:21:30,2015-09-27 13:01:10,233,Balmaceda
2021-07-25 12:54:03,,200,Isla Guarello
2020-05-05 16:21:31,2020-05-09 13:47:05,246,San Antonio
2016-12-06 02:47:30,2016-12-06 17:01:57,202,Iquique
2020-09-21 04:29:46,,84,valparaiso
2020-10-14 22:20:18,,149,Quellon
2017-11-13 10:30:03,2017-11-14 01:44:49,23,Quintero
2016-03-01 12:21:36,2016-03-13 02:31:15,21,Lirquen
2021-08-07 02:44:03,,81,Puerto Montt
2020-11-09 11:37:46,,32,Quintero
2021-01-28 11:27:56,,249,Coquimbo
2021-08-28 00:32:31,,104,Isla Guarello
2019-02-24 09:17:44,2019-03-07 02:53:43,12,Ancud
2012-05-12 02:19:07,2012-05-13 00:39:37,61,Calderilla
2013-09-28 22:31:23,2013-10-08 18:23:43,245,Caleta Patillos
2020-11-11 00:02:58,,72,Cruz Grande
2021-08-05 17:59:49,,27,Lota
2011-09-17 17:23:25,2011-09-18 16:43:27,135,valparaiso
2014-04-26 19:41:22,2014-04-27 15:05:33,95,Cruz Grande
2020-11-13 02:05:05,,210,Arica
2021-02-21 04:52:26,,223,Guayacan
2013-03-02 01:30:23,2013-03-02 21:53:26,42,Mejillones
2021-04-13 16:19:39,,237,Barquito
2019-05-11 10:25:59,2019-05-12 02:26:39,194,Caldera
2021-06-24 03:33:47,,78,Chacabuco
2012-08-16 13:42:32,2012-08-17 06:32:51,66,Puerto Montt
2021-06-11 16:25:26,,56,Taltal
2015-07-12 18:05:30,2015-07-13 14:52:55,206,Barquito
2014-05-16 20:12:27,2014-05-28 13:54:04,207,Calderilla
2021-06-06 01:54:17,,82,Puerto Angamos
2020-04-07 03:41:53,2020-04-08 02:22:34,247,Guayacan
2021-06-23 21:19:52,,177,Coquimbo
2011-03-10 20:16:32,2011-03-16 17:49:35,167,Coronel
2020-11-18 00:28:16,,72,Penco
2021-05-25 21:38:22,,207,Caldera
2014-04-25 11:42:06,2014-05-03 07:14:14,90,Caleta Patillos
2019-04-21 23:47:33,2019-04-22 22:05:54,99,Arica
2017-06-25 06:43:17,2017-06-25 23:44:09,104,Chacabuco
2020-09-23 01:18:31,,94,Antofagasta
2020-10-29 20:57:11,,7,Quintero
2017-11-28 08:44:18,2017-11-29 00:45:24,154,Isla Guarello
2020-12-01 10:03:20,,149,Caleta Coloso
2020-09-11 23:06:48,,192,Ancud
2020-12-17 00:12:33,,95,Coquimbo
2019-06-24 20:18:16,2019-06-25 17:38:10,18,Isla Guarello
2020-03-06 04:46:32,2020-03-07 02:26:27,135,Corral
2015-01-26 01:46:05,2015-01-26 21:36:45,56,Arica
2018-04-08 17:00:41,2018-04-09 08:59:44,124,Taltal
2021-06-20 01:14:23,,26,Ancud
2017-04-07 19:58:33,2017-04-08 19:24:14,133,Cruz Grande
2020-10-20 06:32:42,,128,Quellon
2019-08-03 19:37:23,2019-08-04 12:02:59,233,valparaiso
2018-10-21 09:11:29,2018-10-22 08:48:39,96,Lota
2020-11-19 01:15:38,,246,Isla Guarello
2015-10-11 19:53:46,2015-10-12 14:49:33,62,Quintero
2021-02-09 13:00:47,,91,La Serena
2020-04-22 22:54:24,2020-05-05 18:14:58,243,Castro
2014-03-25 17:46:04,2014-03-26 17:41:30,231,nombre
2014-08-15 08:57:26,2014-08-16 03:13:48,95,Valdivia
2013-02-25 09:16:08,2013-03-12 05:27:38,168,Cruz Grande
2021-04-29 23:04:01,,134,Guayacan
2020-11-22 19:12:49,,130,Cabo Negro
2020-12-10 10:47:40,,49,Huasco
2016-12-25 01:04:05,2016-12-25 20:57:26,211,Port Williams
2015-07-05 16:29:02,2015-07-15 15:22:35,69,Guayacan
2021-06-04 09:18:23,,45,Calderilla
2013-08-18 23:22:03,2013-08-19 14:34:16,97,San Vicente
2021-06-02 05:22:15,,228,Isla Guarello
2021-01-26 17:30:16,,237,Caleta Patillos
2021-02-14 15:48:52,,160,Port Williams
2019-02-25 02:17:31,2019-02-25 23:01:28,200,Tocopilla
2020-09-12 22:50:48,,212,Coronel
2012-02-28 00:06:12,2012-02-28 22:16:29,221,Punta Patache
2012-10-29 09:13:42,2012-11-06 03:14:21,31,nombre
2012-08-24 04:16:03,2012-08-25 03:10:05,7,Cruz Grande
2011-06-26 21:11:00,2011-06-27 14:31:29,166,Caleta Coloso
2012-09-11 23:28:05,2012-09-12 19:22:04,61,Puerto Angamos
2020-12-05 09:06:20,,7,Talcahuano
2019-06-29 01:19:19,2019-07-03 22:14:52,236,Arica
2010-01-09 01:13:59,2010-01-18 15:43:36,52,Quintero
2010-08-21 08:11:29,2010-08-21 23:34:04,171,Caleta Coloso
2020-03-28 09:51:46,2020-04-07 00:22:20,187,Calderilla
2017-03-19 13:02:11,2017-03-20 03:52:45,12,Puerto Montt
2019-05-25 21:14:14,2019-05-26 17:39:33,182,Arica
2020-11-24 19:10:49,,185,Guayacan
2020-12-27 07:33:12,,143,Caleta Coloso
2021-01-15 06:04:58,,92,Penco
2019-07-25 20:22:49,2019-08-03 17:35:20,102,Calderilla
2020-01-29 11:13:33,2020-01-30 07:56:31,226,Mejillones
2021-07-08 05:07:19,,189,Arica
2019-10-19 21:50:09,2019-10-20 17:38:01,127,Balmaceda
2021-04-27 20:40:08,,106,Port Williams
2015-05-28 14:19:48,2015-06-11 08:51:17,5,Caldera
2021-05-08 22:19:54,,23,Puerto Angamos
2021-02-02 23:54:12,,6,Caleta Coloso
2020-05-28 18:51:36,2020-05-29 11:35:40,206,Quellon
2014-05-01 01:12:30,2014-05-01 23:09:33,84,Ancud
2011-10-08 14:25:18,2011-10-09 04:26:32,197,Valdivia
2015-04-06 07:29:48,2015-04-07 07:10:52,0,Cruz Grande
2021-09-01 04:05:01,,20,nombre
2014-03-25 04:24:54,2014-04-05 03:03:51,115,Chacabuco
2015-12-30 21:05:41,2015-12-31 13:07:47,64,Arica
2016-03-11 23:23:05,2016-03-12 17:26:17,42,Quellon
2020-09-21 06:54:51,,58,Puerto Natales
2016-05-21 00:39:16,2016-05-27 18:22:59,1,Puerto Montt
2016-09-12 16:32:55,2016-09-19 16:32:35,105,Isla Guarello
2015-09-18 05:53:00,2015-09-21 23:00:25,77,Puerto Montt
2012-05-06 10:41:34,2012-05-07 01:09:04,83,Barquito
2016-02-23 21:23:23,2016-02-24 14:14:09,10,Isla Guarello
2012-07-30 02:18:21,2012-08-04 18:05:29,163,Castro
2021-02-13 04:02:15,,4,Corral
2017-03-01 07:00:00,2017-03-06 00:06:48,141,Quintero
2015-12-28 14:26:52,2016-01-08 13:48:50,114,Cabo Negro
2017-03-08 15:29:41,2017-03-22 05:49:56,247,Ancud
2013-01-26 10:02:34,2013-01-27 07:30:39,76,Calderilla
2016-08-09 04:23:49,2016-08-09 23:57:48,214,Quellon
2021-01-04 14:48:25,,195,Antofagasta
2015-04-14 10:03:58,2015-04-15 09:41:02,78,nombre
2011-09-12 10:10:14,2011-09-13 01:03:34,197,La Serena
2015-10-07 03:27:49,2015-10-07 22:13:48,219,Quintero
2016-05-02 02:38:23,2016-05-03 01:29:06,197,valparaiso
2015-02-27 13:35:47,2015-03-08 13:33:18,87,Lota
2020-04-15 15:56:43,2020-04-16 14:24:24,146,Cruz Grande
2021-08-18 22:09:18,,152,Cabo Negro
2018-11-23 19:39:22,2018-11-30 14:59:08,18,Puerto Montt
2020-11-23 06:42:57,,187,Mejillones
2016-03-12 01:58:28,2016-03-12 19:59:41,40,Mejillones
2018-07-02 04:55:43,2018-07-03 00:48:09,228,Lota
2017-09-22 14:40:13,2017-09-23 06:12:57,157,Guayacan
2020-10-11 07:01:08,,14,Mejillones
2014-01-19 20:53:45,2014-01-20 13:56:55,30,Caleta Coloso
2021-08-01 14:16:38,,159,Taltal
2020-12-02 16:55:30,,84,Balmaceda
2021-02-03 15:23:39,,100,Mejillones
2013-12-16 01:14:47,2013-12-16 16:26:02,246,Quintero
2010-10-07 00:36:28,2010-10-10 22:57:26,185,Caldera
2021-01-05 07:58:19,,188,Cabo Negro
2021-05-31 06:14:19,,133,Mejillones
2012-07-16 10:05:09,2012-07-17 04:59:45,39,Guayacan
2016-08-25 04:30:33,2016-08-25 23:59:47,130,nombre
2015-10-29 08:12:01,2015-11-07 22:15:19,194,San Antonio
2012-06-25 09:33:40,2012-06-30 00:13:33,222,Caleta Coloso
2021-02-07 23:12:54,,187,Calderilla
2021-01-03 22:31:16,,147,Puerto Angamos
2021-03-11 23:51:30,,32,Chacabuco
2021-02-25 14:41:12,,67,Antofagasta
2016-09-27 19:23:17,2016-09-28 14:52:01,117,Tocopilla
2020-08-08 21:15:16,2020-08-09 14:39:05,41,Mejillones
2016-11-04 07:30:13,2016-11-05 04:53:15,241,Calderilla
2019-07-13 21:16:24,2019-07-18 13:28:18,8,Caleta Coloso
2011-06-20 11:03:39,2011-06-21 08:06:47,195,Mejillones
2021-02-22 17:46:54,,140,nombre
2014-04-08 19:59:34,2014-04-09 16:27:17,183,Chacabuco
2021-08-05 21:51:28,,92,Quintero
2016-09-11 08:02:27,2016-09-16 22:29:04,64,Cruz Grande
2020-08-11 01:14:38,2020-08-11 16:34:18,9,Calderilla
2017-07-02 12:13:41,2017-07-06 06:59:10,44,Caleta Patillos
2021-06-15 13:47:35,,176,nombre
2020-12-01 22:58:35,,72,La Serena
2021-07-26 04:38:05,,22,Calderilla
2014-06-10 14:11:17,2014-06-11 09:04:34,219,Huasco
2017-01-08 21:29:22,2017-01-20 12:26:03,231,Antofagasta
2010-09-18 10:35:00,2010-09-19 08:26:19,4,Calderilla
2020-07-21 11:03:19,2020-07-22 04:17:19,187,valparaiso
2015-11-01 09:12:02,2015-11-02 05:58:00,95,Puerto Natales
2020-12-29 23:57:01,,12,Valdivia
2015-04-23 07:46:05,2015-05-03 07:07:39,6,nombre
2017-01-09 05:21:41,2017-01-09 20:58:22,30,Penco
2021-02-22 18:18:32,,176,Coquimbo
2015-09-24 16:59:59,2015-10-06 11:04:59,23,Ancud
2010-05-25 00:27:38,2010-05-25 22:17:59,168,Quellon
2021-05-04 06:11:53,,26,Ancud
2017-12-16 16:16:17,2017-12-17 12:42:36,200,Punta Patache
2021-05-28 02:51:06,,117,San Antonio
2012-07-14 20:14:06,2012-07-15 11:22:45,245,Tocopilla
2010-08-12 00:43:27,2010-08-12 18:57:59,173,Calderilla
2021-07-03 19:08:51,,182,San Vicente
2019-01-18 08:54:48,2019-01-19 00:23:29,42,Chacabuco
2011-10-31 10:57:26,2011-11-14 05:12:49,240,Cabo Negro
2021-03-09 19:08:47,,83,Ancud
2021-08-05 12:11:54,,244,Lota
2017-07-12 23:19:30,2017-07-13 14:33:06,31,Balmaceda
2013-01-21 13:04:41,2013-02-03 03:21:53,128,Puerto Montt
2021-06-03 11:35:38,,98,Arica
2010-09-08 03:27:04,2010-09-09 03:24:01,225,Calderilla
2021-03-06 19:20:11,,56,Valdivia
2020-11-04 00:38:49,,76,Guayacan
2021-04-19 19:44:31,,7,Lota
2016-02-10 09:20:01,2016-02-11 07:55:40,224,Chacabuco
2016-03-29 19:55:29,2016-04-08 13:08:10,167,Calderilla
2015-07-17 08:56:51,2015-07-18 08:17:23,246,Puerto Angamos
2018-03-03 02:52:08,2018-03-15 18:55:48,62,nombre
2015-12-23 01:56:54,2015-12-23 19:52:26,84,Chacabuco
2016-08-20 18:23:25,2016-08-21 14:04:19,180,Iquique
2016-11-05 12:29:57,2016-11-06 06:47:36,249,Valdivia
2021-08-05 03:38:20,,234,Cabo Negro
2015-06-04 01:46:27,2015-06-17 20:53:05,98,Talcahuano
2015-01-19 15:00:21,2015-01-20 14:27:30,119,Tocopilla
2018-11-26 14:54:08,2018-11-30 13:58:58,222,Antofagasta
2021-02-09 08:03:13,,174,Quintero
2021-01-15 09:06:19,,69,Lota
2019-12-09 12:15:40,2019-12-10 03:51:44,40,Puerto Natales
2021-02-19 17:51:04,,97,Lirquen
2020-07-07 23:20:25,2020-07-08 17:51:49,28,Puerto Montt
2020-10-01 05:45:37,,225,Puerto Montt
2011-04-17 10:58:50,2011-04-22 03:31:00,208,Cabo Negro
2021-05-05 00:39:03,,249,Arica
2021-01-23 00:00:51,,36,La Serena
2013-08-21 14:32:39,2013-08-22 07:43:51,16,Iquique
2021-01-19 22:37:50,,238,nombre
2010-08-25 13:51:37,2010-08-26 09:06:48,194,nombre
2021-06-09 09:03:33,,157,Puerto Montt
2014-11-18 00:27:58,2014-11-18 23:07:53,66,Castro
2020-10-09 02:10:14,,112,Caleta Patillos
2020-12-28 03:03:16,,241,Guayacan
2010-12-08 00:11:01,2010-12-08 14:11:39,55,Caleta Coloso
2013-08-09 04:34:15,2013-08-22 03:03:00,43,Talcahuano
2014-11-23 06:01:31,2014-11-24 00:20:57,25,nombre
2019-06-19 03:31:57,2019-06-19 21:48:27,75,Port Williams
2020-08-09 15:59:45,2020-08-10 12:20:39,7,Lota
2021-03-11 01:03:58,,204,La Serena
2021-06-29 02:41:47,,59,valparaiso
2011-01-23 13:47:57,2011-01-24 12:01:44,87,Quellon
2020-04-16 07:11:33,2020-04-29 00:03:01,149,Caleta Patillos
2011-08-26 18:14:52,2011-08-30 18:03:17,109,Quellon
2018-06-29 23:23:23,2018-06-30 15:32:27,206,Quintero
2020-09-14 05:30:30,,44,Tocopilla
2010-01-03 23:27:10,2010-01-04 16:39:59,149,Barquito
2018-09-11 17:56:52,2018-09-12 16:41:52,125,Caleta Patillos
2015-09-06 21:08:15,2015-09-07 18:28:48,155,Penco
2012-05-24 05:36:01,2012-05-25 03:26:23,89,Chacabuco
2021-02-26 11:20:21,,74,Cabo Negro
2021-04-26 16:54:15,,64,La Serena
2019-02-23 05:21:21,2019-02-23 21:36:47,27,Caleta Coloso
2013-04-15 10:58:13,2013-04-16 09:19:19,183,Barquito
2011-03-03 00:23:24,2011-03-03 20:16:13,173,Quemchi
2012-08-06 21:51:16,2012-08-07 17:04:33,199,Cruz Grande
2018-07-24 08:43:11,2018-07-25 07:16:04,195,Caldera
2013-12-20 21:57:47,2014-01-02 21:51:38,5,Puerto Montt
2021-03-25 15:58:10,,164,Barquito
2019-10-17 02:59:45,2019-10-24 17:56:56,24,Lirquen
2021-07-30 18:34:41,,155,nombre
2011-01-12 02:41:31,2011-01-13 00:59:51,78,Huasco
2021-04-27 22:15:53,,95,Talcahuano
2020-12-22 09:41:26,,246,Port Williams
2021-08-14 16:50:42,,121,Coronel
2021-07-24 04:03:04,,134,Quellon
2014-09-23 08:59:28,2014-09-24 03:03:54,197,Huasco
2013-10-22 00:39:10,2013-10-22 18:59:02,21,Chacabuco
2020-04-30 03:34:07,2020-04-30 18:30:07,197,Barquito
2021-08-26 05:11:04,,129,Coquimbo
2010-06-05 04:01:28,2010-06-05 21:22:50,218,Caldera
2021-01-17 18:19:22,,84,nombre
2017-03-12 03:05:10,2017-03-13 01:06:19,83,Penco
2021-02-15 06:04:06,,90,Tocopilla
2012-02-16 08:38:47,2012-02-25 03:02:41,234,Port Williams
2021-06-19 13:03:17,,48,Lirquen
2020-11-24 06:26:55,,35,Barquito
2012-10-18 12:00:00,2012-10-19 03:36:13,66,Corral
2016-03-26 03:50:07,2016-03-27 01:24:54,239,Puerto Montt
2011-02-10 06:02:24,2011-02-18 22:17:41,158,Isla Guarello
2021-05-04 20:03:46,,206,Puerto Natales
2016-10-05 00:28:21,2016-10-05 23:49:03,181,Barquito
2017-04-18 18:54:27,2017-04-28 18:36:19,105,Coronel
2021-01-24 00:13:22,,177,Penco
2014-05-01 14:54:41,2014-05-06 07:09:38,199,Cabo Negro
2014-12-05 05:31:35,2014-12-05 21:56:10,148,Quintero
2015-07-19 03:35:15,2015-07-27 03:09:43,74,Mejillones
2010-05-19 14:17:18,2010-05-20 13:01:41,248,valparaiso
2013-09-07 07:45:44,2013-09-19 01:56:27,12,Calderilla
2021-05-09 14:12:03,,54,Cruz Grande
2015-07-20 13:37:42,2015-08-01 12:47:43,227,Isla Guarello
2013-12-17 12:58:35,2013-12-29 03:36:19,28,Taltal
2020-12-09 08:00:33,,180,Caldera
2020-06-26 02:36:49,2020-06-26 23:52:40,121,Antofagasta
2010-10-23 14:44:06,2010-10-24 05:51:32,228,Tocopilla
2013-09-11 18:48:09,2013-09-17 17:07:38,150,Taltal
2011-04-22 05:55:21,2011-04-27 05:26:19,125,Caleta Patillos
2017-11-26 06:22:33,2017-11-26 20:17:10,137,Chacabuco
2016-04-01 21:51:51,2016-04-02 17:30:28,157,Mejillones
2017-02-06 03:00:12,2017-02-17 21:10:18,150,Puerto Angamos
2021-04-09 13:05:24,,95,Port Williams
2020-04-22 09:49:54,2020-05-06 04:08:48,134,Lota
2017-09-27 04:33:41,2017-10-04 18:37:17,33,Punta Patache
2020-11-26 04:07:42,,121,Chacabuco
2021-02-17 20:47:53,,167,Penco
2012-09-08 21:18:11,2012-09-09 11:52:22,232,Guayacan
2013-11-10 08:06:04,2013-11-11 05:01:25,201,Cabo Negro
2020-10-05 12:48:12,,227,La Serena
2015-08-17 20:29:39,2015-08-18 12:09:27,89,Calderilla
2021-05-02 20:43:18,,2,Mejillones
2012-11-05 09:18:59,2012-11-06 02:35:04,220,Punta Patache
2014-05-11 17:37:37,2014-05-22 14:14:04,238,Caleta Patillos
2017-10-13 20:27:08,2017-10-14 18:43:35,106,Quintero
2011-03-24 13:15:12,2011-03-25 03:52:27,90,Antofagasta
2010-05-11 13:05:31,2010-05-20 12:04:09,50,Lota
2016-08-24 20:16:05,2016-09-07 14:11:17,117,Corral
2020-11-06 08:17:24,,31,Quintero
2011-11-12 19:45:13,2011-11-13 18:21:23,12,Quintero
2020-02-15 02:39:38,2020-02-16 01:59:24,72,Tocopilla
2011-11-11 12:25:48,2011-11-12 07:22:51,154,Isla Guarello
2015-11-23 14:07:02,2015-11-24 13:11:37,97,Port Williams
2020-12-12 06:05:23,,90,Caleta Patillos
2012-05-16 20:10:25,2012-05-17 15:33:07,46,Mejillones
2021-02-22 12:24:38,,153,nombre
2020-10-05 00:09:48,,184,Antofagasta
2014-12-29 01:14:48,2014-12-29 22:02:26,237,Talcahuano
2019-09-18 15:32:57,2019-09-19 12:24:29,49,Quintero
2011-05-01 11:59:02,2011-05-12 07:01:16,22,nombre
2021-02-17 20:04:29,,27,Mejillones
2015-04-18 04:40:22,2015-05-01 04:36:05,244,Puerto Angamos
2016-02-24 06:52:22,2016-02-24 22:44:24,18,Lota
2019-09-05 14:26:48,2019-09-06 08:01:07,229,Cruz Grande
2021-04-10 01:14:24,,113,Iquique
2020-04-07 23:21:02,2020-04-15 20:02:38,83,Puerto Angamos
2020-01-03 05:20:39,2020-01-12 21:10:53,107,Quintero
2017-04-11 01:34:11,2017-04-11 19:44:46,167,Barquito
2014-06-04 23:01:19,2014-06-13 22:03:30,120,Cruz Grande
2016-02-17 05:29:33,2016-02-17 22:44:42,231,Isla de Pascua
2021-07-07 04:10:59,,113,Mejillones
2010-04-09 03:10:59,2010-04-09 21:36:07,173,La Serena
2020-05-11 05:56:41,2020-05-19 03:29:05,113,San Antonio
2017-02-07 07:58:45,2017-02-08 07:25:22,176,Valdivia
2017-08-16 00:48:00,2017-08-20 21:04:54,115,nombre
2013-09-28 05:28:44,2013-10-08 01:55:15,166,Cabo Negro
2021-02-05 06:36:21,,105,Castro
2011-01-20 11:09:52,2011-01-21 03:49:07,38,Huasco
2014-10-18 16:28:55,2014-10-25 14:37:30,68,Talcahuano
2010-11-01 03:48:44,2010-11-16 01:29:47,172,Guayacan
2020-09-28 00:55:22,,109,Cabo Negro
2020-12-26 01:41:59,,158,nombre
2021-08-30 23:05:53,,31,Calderilla
2020-05-06 04:15:58,2020-05-18 20:14:28,20,Quellon
2014-11-06 13:03:28,2014-11-07 05:33:59,90,Caleta Patillos
2019-06-02 04:32:37,2019-06-02 23:37:19,60,Isla de Pascua
2021-08-25 20:21:18,,205,Arica
2018-05-09 13:00:52,2018-05-10 05:54:57,219,Lota
2019-06-25 07:43:17,2019-07-08 01:38:10,168,Coronel
2010-10-30 22:46:07,2010-10-31 21:01:54,218,Mejillones
2021-08-26 07:10:36,,170,Caleta Patillos
2021-07-19 09:29:37,,188,Guayacan
2015-06-27 16:59:57,2015-07-06 08:21:17,248,San Antonio
2020-09-11 01:25:05,,61,Mejillones
2020-11-20 22:55:06,,137,Lota
2016-05-31 20:40:27,2016-06-01 20:17:13,79,Arica
2016-03-11 12:46:57,2016-03-12 06:59:24,96,Ancud
2013-08-03 15:08:45,2013-08-07 13:42:00,221,La Serena
2021-04-30 19:32:56,,157,Chacabuco
2013-08-08 13:53:47,2013-08-09 04:59:30,76,Quemchi
2013-06-01 04:25:58,2013-06-02 01:58:32,87,Quintero
2011-08-28 09:06:19,2011-09-06 03:18:10,95,Calderilla
2021-08-21 12:59:05,,232,Penco
2020-01-27 12:15:10,2020-01-28 05:48:14,162,La Serena
2017-03-13 03:39:35,2017-03-18 20:50:04,224,Cruz Grande
2011-03-16 06:25:08,2011-03-16 23:37:31,7,Puerto Natales
2018-02-13 21:11:18,2018-02-14 19:17:46,115,Tocopilla
2016-03-05 14:04:19,2016-03-06 09:56:11,142,Calderilla
2018-07-12 02:12:58,2018-07-12 17:52:41,172,Chacabuco
2021-08-14 23:55:17,,40,Port Williams
2011-03-11 16:36:01,2011-03-21 07:21:29,225,Penco
2017-12-16 11:18:16,2017-12-17 07:50:44,66,Antofagasta
2012-05-28 04:12:50,2012-05-29 01:37:46,225,Puerto Angamos
2018-10-26 15:00:03,2018-10-27 09:10:54,84,Penco
2018-12-17 08:24:34,2018-12-18 01:25:50,34,Puerto Chacabuco
2021-08-17 21:40:15,,87,Barquito
2012-03-02 00:30:27,2012-03-02 15:16:17,230,Quintero
2017-07-27 00:42:30,2017-07-27 18:01:24,143,Chacabuco
2010-08-24 15:22:43,2010-08-25 11:13:13,146,Caldera
2020-11-06 19:02:59,,191,Penco
2020-04-09 10:55:59,2020-04-10 07:41:26,85,Taltal
2017-02-15 15:26:49,2017-02-16 12:44:13,243,Taltal
2015-12-11 19:23:14,2015-12-12 17:54:36,244,Ancud
2014-02-23 00:48:07,2014-02-23 23:25:15,187,Mejillones
2021-01-28 17:32:29,,227,Taltal
2015-11-27 17:22:07,2015-12-03 09:04:13,34,La Serena
2013-04-09 10:54:58,2013-04-23 10:10:16,201,Puerto Montt
2019-09-14 22:39:09,2019-09-15 17:10:46,249,San Vicente
2021-07-04 22:26:56,,98,Guayacan
2021-08-10 02:53:54,,199,Punta Patache
2017-02-21 11:24:57,2017-02-22 07:23:03,0,Corral
2014-02-10 16:41:30,2014-02-11 15:33:13,224,Isla Guarello
2021-02-25 23:56:28,,121,Quintero
2021-07-17 08:15:30,,81,nombre
2020-09-20 07:06:13,,249,La Serena
2019-04-03 05:34:34,2019-04-04 05:10:29,84,La Serena
2020-11-19 07:20:07,,57,nombre
2011-11-26 15:57:21,2011-11-27 12:37:57,232,Puerto Montt
2015-01-28 18:16:28,2015-01-29 11:08:23,210,Chacabuco
2021-09-04 00:12:14,,33,Barquito
2021-08-28 16:30:02,,126,Cruz Grande
2020-09-17 01:03:48,,38,nombre
2010-03-17 21:01:08,2010-03-18 16:20:37,15,Cruz Grande
2020-11-14 09:17:09,,152,Arica
2011-11-01 03:22:38,2011-11-01 20:47:29,218,Caldera
2010-10-15 06:52:13,2010-10-16 03:57:53,159,Quintero
2010-12-17 02:19:14,2010-12-17 18:02:56,94,Iquique
2017-05-05 00:49:56,2017-05-16 15:40:46,183,nombre
2020-12-31 07:41:33,,99,Calderilla
2012-01-07 22:59:27,2012-01-08 13:28:07,203,Mejillones
2010-10-10 09:18:56,2010-10-11 00:44:48,171,Quellon
2013-03-31 22:13:10,2013-04-15 15:18:40,138,Chacabuco
2020-12-09 13:19:00,,183,Huasco
2011-06-17 14:16:00,2011-07-02 14:06:50,191,Caldera
2013-04-11 07:27:40,2013-04-11 23:18:29,136,Calderilla
2021-04-01 23:36:05,,234,Caldera
2015-08-13 13:42:43,2015-08-14 04:18:56,105,Puerto Angamos
2020-12-10 02:59:10,,234,Antofagasta
2011-01-26 20:26:34,2011-01-27 13:52:22,237,Valdivia
2021-07-08 05:07:37,,74,Quellon
2021-02-01 08:37:44,,14,La Serena
2016-09-14 19:32:09,2016-09-15 17:15:27,225,Chacabuco
2021-07-07 12:44:23,,236,Barquito
2011-07-31 23:05:51,2011-08-01 17:45:27,185,Calderilla
2013-05-02 02:30:12,2013-05-02 21:22:22,43,Arica
2018-01-31 08:22:56,2018-02-01 02:11:34,172,Arica
2018-12-29 16:46:27,2018-12-30 14:48:07,236,Cabo Negro
2021-07-08 22:43:04,,145,Lirquen
2021-06-09 18:51:26,,62,Mejillones
2019-07-17 10:34:52,2019-07-18 08:49:17,171,Barquito
2013-06-10 02:55:51,2013-06-24 23:23:40,10,Puerto Montt
2017-01-17 23:35:43,2017-01-21 19:35:34,128,nombre
2020-06-26 17:04:15,2020-07-11 13:40:16,91,Cruz Grande
2020-11-11 15:25:27,,204,Puerto Natales
2014-10-27 04:15:48,2014-10-28 02:45:18,15,Cruz Grande
2010-11-16 20:32:30,2010-11-17 19:41:30,27,Punta Arenas
2010-12-31 13:06:02,2011-01-07 06:01:22,179,Ancud
2012-11-27 02:59:57,2012-12-03 17:42:50,138,Huasco
2021-01-15 16:42:00,,135,Taltal
2011-03-03 21:17:50,2011-03-04 19:41:08,17,La Serena
2011-03-04 02:02:06,2011-03-04 23:10:31,0,Punta Patache
2020-06-30 15:19:36,2020-07-06 11:41:06,152,Quintero
2020-11-26 01:50:22,,175,La Serena
2010-08-24 05:00:58,2010-08-24 21:32:24,67,Quintero
2021-06-13 22:33:59,,142,Quellon
2018-07-29 23:05:46,2018-08-06 18:21:44,48,Caleta Patillos
2020-07-27 04:01:36,2020-07-27 19:48:24,7,Quintero
2016-04-27 13:11:29,2016-05-03 09:37:31,20,Punta Arenas
2018-09-23 11:20:23,2018-10-03 10:03:39,249,Chacabuco
2020-10-22 15:52:56,,200,Puerto Montt
2020-12-03 11:38:45,,105,Chacabuco
2011-03-22 06:00:07,2011-03-23 01:52:21,248,Iquique
2015-05-06 03:50:50,2015-05-15 22:32:20,60,Coronel
2017-05-19 22:40:51,2017-05-20 16:05:27,49,Calderilla
2015-09-08 19:02:14,2015-09-17 17:56:33,56,Talcahuano
2017-03-20 18:08:51,2017-03-21 10:14:11,73,Calderilla
2014-08-07 16:57:10,2014-08-08 14:14:45,165,San Vicente
2021-04-02 16:19:54,,225,Lirquen
2021-02-05 13:21:00,,219,Caldera
2020-12-19 01:51:44,,152,Caleta Patillos
2011-09-05 08:06:36,2011-09-13 02:00:36,47,San Vicente
2021-02-25 14:34:53,,106,Port Williams
2010-01-30 00:47:35,2010-02-07 15:15:26,228,La Serena
2013-07-28 16:07:22,2013-07-29 14:18:04,200,La Serena
2011-02-25 02:10:31,2011-02-26 00:17:42,66,Chacabuco
2020-07-31 19:48:10,2020-08-01 15:30:33,102,Port Williams
2017-04-22 15:49:59,2017-04-23 09:33:31,209,Puerto Montt
2019-01-01 02:45:04,2019-01-01 18:01:58,28,Puerto Natales
2015-05-19 04:47:56,2015-05-20 02:50:55,101,Corral
2019-08-16 20:05:07,2019-08-17 14:16:02,46,Quellon
2020-12-10 21:07:04,,244,Taltal
2012-05-30 19:26:13,2012-05-31 11:32:37,221,Quintero
2011-08-05 13:39:31,2011-08-06 11:05:24,234,Caldera
2013-06-19 05:05:59,2013-06-19 23:02:57,148,Quellon
2013-01-11 15:15:49,2013-01-18 08:24:13,146,Ancud
2021-07-18 21:21:36,,164,Puerto Natales
2016-12-29 17:00:50,2016-12-30 07:03:37,20,Chacabuco
2010-12-15 19:17:21,2010-12-16 14:44:31,186,Tocopilla
2021-05-17 14:57:22,,65,Quellon
2019-12-21 22:50:57,2019-12-22 22:09:23,196,Tocopilla
2016-08-08 21:12:33,2016-08-09 19:47:55,146,Cabo Negro
2014-06-08 12:23:31,2014-06-09 09:58:30,3,Barquito
2014-04-05 11:29:55,2014-04-06 05:35:38,127,Puerto Montt
2021-05-18 14:56:49,,199,Mejillones
2020-12-07 04:22:22,,47,Caldera
2012-06-08 21:05:11,2012-06-09 14:12:59,58,Puerto Natales
2021-04-06 00:21:38,,99,Corral
2021-06-02 13:07:11,,186,Antofagasta
2021-05-26 21:00:42,,7,Coronel
2018-10-11 04:54:28,2018-10-11 19:36:55,174,Ancud
2019-12-27 20:24:43,2019-12-28 12:42:01,178,Caleta Patillos
2021-06-30 03:51:12,,72,Cabo Negro
2021-04-11 16:01:26,,103,Calderilla
2020-09-11 18:03:29,,31,Coronel
2014-05-03 12:10:48,2014-05-12 04:34:28,38,Isla Guarello
2017-03-08 17:47:08,2017-03-09 13:32:15,180,La Serena
2012-05-24 13:19:47,2012-06-04 08:21:47,135,Port Williams
2014-07-01 08:53:57,2014-07-02 06:19:10,141,Taltal
2019-04-29 01:13:30,2019-04-29 21:02:46,218,Mejillones
2017-02-12 01:20:01,2017-02-26 18:42:12,57,Lirquen
2013-09-15 21:11:56,2013-09-16 15:06:51,143,Quellon
2017-03-02 11:32:05,2017-03-03 06:36:44,157,Quintero
2018-10-08 01:43:35,2018-10-08 18:29:14,52,Chacabuco
2013-03-09 14:02:05,2013-03-10 11:51:38,104,Mejillones
2020-11-21 03:49:49,,150,Quemchi
2018-07-27 06:46:22,2018-08-06 23:44:11,122,Quintero
2018-12-25 22:12:53,2019-01-07 14:50:54,178,Punta Arenas
2012-12-20 23:03:27,2012-12-21 22:01:56,176,Barquito
2017-08-05 05:38:57,2017-08-05 19:36:42,189,Guayacan
2020-10-17 21:47:40,,47,Valdivia
2021-05-05 05:11:36,,226,Antofagasta
2015-06-17 22:38:12,2015-06-25 15:51:56,39,Quellon
2013-10-17 17:36:32,2013-10-18 11:40:54,209,Balmaceda
2010-12-17 10:28:04,2010-12-18 02:01:47,36,Ancud
2021-04-30 02:43:38,,58,Tocopilla
2016-08-17 06:32:12,2016-08-18 03:31:46,35,Mejillones
2020-12-29 02:49:07,,202,Huasco
2021-06-22 18:14:59,,157,Lirquen
2010-06-15 06:57:36,2010-06-15 22:54:35,90,Caldera
2014-06-14 17:59:20,2014-06-20 09:29:04,31,Cabo Negro
2015-10-04 05:37:15,2015-10-14 04:12:50,16,Calderilla
2021-08-24 16:17:28,,248,Corral
2012-01-30 17:41:19,2012-01-31 10:09:29,158,Puerto Montt
2020-10-25 01:00:16,,44,Guayacan
2014-12-27 01:19:40,2014-12-27 16:20:07,24,Iquique
2012-02-01 16:00:51,2012-02-08 13:07:44,171,Cruz Grande
2016-03-27 11:33:13,2016-04-03 07:04:38,128,Puerto Montt
2018-07-01 13:26:15,2018-07-02 06:30:35,186,Cruz Grande
2020-12-07 09:39:30,,237,Lota
2014-03-13 17:17:39,2014-03-14 08:08:50,191,Cabo Negro
2013-10-22 04:52:19,2013-10-23 00:42:04,185,Caldera
2017-08-25 02:24:02,2017-08-25 22:28:03,63,Tocopilla
2011-05-11 11:56:12,2011-05-25 05:46:30,70,Caleta Coloso
2014-10-06 07:07:24,2014-10-06 21:30:22,197,Chacabuco
2018-11-01 23:11:19,2018-11-02 16:44:20,73,nombre
2019-07-13 17:35:12,2019-07-24 11:49:01,3,Arica
2020-12-02 17:01:05,,143,Puerto Chacabuco
2020-11-09 07:12:28,,231,Valdivia
2021-07-28 06:47:43,,22,Puerto Montt
2021-01-08 17:15:02,,77,Puerto Angamos
2020-11-18 13:16:56,,175,Puerto Montt
2019-08-02 19:14:01,2019-08-03 12:27:29,83,Corral
2019-01-17 08:45:59,2019-01-18 05:33:17,219,Iquique
2012-11-04 17:31:26,2012-11-05 10:31:42,35,Puerto Montt
2014-07-19 18:11:01,2014-07-20 16:16:19,222,Arica
2012-07-19 01:41:47,2012-08-02 16:09:23,78,Puerto Angamos
2020-07-15 03:32:51,2020-07-24 18:25:05,160,Quintero
2017-08-13 05:59:37,2017-08-13 20:42:16,119,Caldera
2021-04-07 19:57:46,,39,Arica
2020-11-28 20:50:03,,14,Mejillones
2010-11-10 06:32:49,2010-11-15 23:44:09,160,Chacabuco
2021-04-03 01:49:47,,243,Puerto Angamos
2015-01-15 19:06:23,2015-01-16 10:54:23,91,Barquito
2021-03-16 14:54:25,,194,Calderilla
2020-08-06 07:17:14,2020-08-07 02:16:13,232,Cabo Negro
2021-07-09 01:26:55,,155,Tocopilla
2020-09-17 20:34:36,,148,Taltal
2017-06-05 17:58:59,2017-06-06 12:24:31,110,Antofagasta
2017-12-07 06:39:23,2017-12-19 23:14:29,193,Arica
2021-02-24 21:31:19,,28,Antofagasta
2014-03-22 19:05:39,2014-03-23 13:48:16,101,Isla Guarello
2017-05-30 03:38:16,2017-06-12 18:38:29,135,Coronel
2013-07-24 00:33:44,2013-07-24 17:29:13,80,Huasco
2021-08-16 23:53:29,,67,Arica
2019-04-11 20:43:12,2019-04-20 17:52:59,121,valparaiso
2010-09-14 12:54:33,2010-09-29 06:00:04,20,valparaiso
2019-03-07 01:50:08,2019-03-18 18:16:06,194,San Antonio
2015-06-16 13:31:45,2015-06-28 11:07:19,170,Lota
2011-08-25 20:48:53,2011-09-04 13:12:21,82,Huasco
2021-02-02 03:02:08,,50,Puerto Angamos
2016-12-23 15:19:51,2016-12-24 11:54:57,56,Guayacan
2021-07-22 17:00:32,,155,Port Williams
2013-05-26 12:29:53,2013-05-27 09:45:49,206,nombre
2021-07-08 01:12:54,,149,Quintero
2013-09-05 14:23:50,2013-09-06 13:17:17,99,Isla de Pascua
2013-02-04 01:35:43,2013-02-04 19:25:14,73,Antofagasta
2016-02-11 09:24:29,2016-02-24 05:19:45,9,Mejillones
2018-11-27 18:54:41,2018-12-09 10:29:06,130,Quintero
2015-04-14 00:14:04,2015-04-14 20:37:34,116,Puerto Natales
2013-09-15 03:57:09,2013-09-16 01:03:35,70,Arica
